,left_side,right_side,similairity
473,2723 E. OKLAHOMA PL.,2723 EAST OKLAHOMA PLACE,0.8350732301041818
546,105 EAST NEWTON ST,105 EAST NEWTON STREET,0.9476668423581319
587,N MAIN ST RESIDENTIAL DISTRICT,NORTH MAIN STREET RESIDENTIAL DISTRICT,0.830191352015334
629,N MAIN ST RESIDENTIAL DISTRICT,NORTH MAIN STREET RESIDENTIAL DISTRICT,0.830191352015334
687,N MAIN ST RESIDENTIAL DISTRICT,NORTH MAIN STREET RESIDENTIAL DISTRICT,0.830191352015334
703,N MAIN ST RESIDENTIAL DISTRICT,NORTH MAIN STREET RESIDENTIAL DISTRICT,0.830191352015334
811,540 E. READING ST.,540 E. READING,0.9100766135288909
875,STRUCTURE 15,STRUCTURE 1,0.9338769068472076
876,STRUCTURE 15,STRUCTURE 12,0.8793136359486651
877,STRUCTURE 15,STRUCTURE 18,0.8734002632299702
878,STRUCTURE 15,STRUCTURE 11,0.8734002632299702
879,STRUCTURE 15,STRUCTURE 16,0.8607301923893789
880,STRUCTURE 15,STRUCTURE 19,0.853789005153327
881,STRUCTURE 15,STRUCTURE 14,0.8487543731206229
882,STRUCTURE 15,STRUCTURE 2,0.8004160129574224
884,STRUCTURE 16,STRUCTURE 1,0.9216741372213878
885,STRUCTURE 16,STRUCTURE 12,0.8678238329032629
886,STRUCTURE 16,STRUCTURE 18,0.8619877289600015
887,STRUCTURE 16,STRUCTURE 11,0.8619877289600015
888,STRUCTURE 16,STRUCTURE 15,0.8607301923893789
889,STRUCTURE 16,STRUCTURE 19,0.8426327269944446
890,STRUCTURE 16,STRUCTURE 14,0.8376638814207433
892,2723 EAST OKLAHOMA PLACE,2723 E. OKLAHOMA PL.,0.8350732301041818
894,BROKEN ARROW ELEMENTARY / CENTRAL JR. HIGH,BROKEN ARROW ELEMENTARY/CENTRAL JR. HIGH,0.876838245945738
901,540 E. READING,540 E. READING ST.,0.9100766135288909
959,RED FORK SURVEY AREA , RED FORK SURVEY AREA ,0.960865839166844
960,RED FORK SURVEY AREA ,RED FORK SURVEY AREA,0.8664984840765924
961,RED FORK SURVEY AREA ,RED FORK SURVEY AREA,0.8664984840765924
962,RED FORK SURVEY AREA ,RED FORK SURVEY AREA,0.8664984840765924
963,RED FORK SURVEY AREA ,RED FORK SURVEY AREA,0.8664984840765924
964,RED FORK SURVEY AREA ,RED FORK SURVEY AREA,0.8664984840765924
966,545 EAST MARSHALL STREET ,545 EAST MARSHALL STREET,0.9780418121320014
967,545 EAST MARSHALL STREET ,1515 EAST MARSHALL STREET,0.8051600846147046
969,BROKEN ARROW ELEMENTARY/CENTRAL JR. HIGH,BROKEN ARROW ELEMENTARY / CENTRAL JR. HIGH,0.876838245945738
996,RIVERVIEW INTENSIVE LEVEL SURVEY,RIVERVIEW INTENSIVE LEVEL SURVEY ,0.9908824482663855
997,RIVERVIEW INTENSIVE LEVEL SURVEY,RIVERVIEW INTENSIVE LEVEL SURVEY ,0.9908824482663855
998,RIVERVIEW INTENSIVE LEVEL SURVEY,RIVERVIEW INTENSIVE LEVEL SURVEY AREA,0.956910779049259
1101,105 EAST NEWTON STREET,105 EAST NEWTON ST,0.9476668423581319
1153,411 S FIFTY-NINTH W AVE,431 S FIFTY-NINTH W AVE,0.8158390199997934
1154,411 S FIFTY-NINTH W AVE,921 S FIFTY-NINTH W AVE,0.8068793204833831
1157,411 S FIFTY-NINTH W AVE,431 S FIFTY-NINTH W AVE,0.8158390199997934
1158,411 S FIFTY-NINTH W AVE,921 S FIFTY-NINTH W AVE,0.8068793204833831
1161,813 S FIFTY-NINTH W AVE,823 S FIFTY-NINTH W AVE,0.8122651699103532
1162,813 S FIFTY-NINTH W AVE,423 S FIFTY-NINTH W AVE,0.8122651699103532
1163,813 S FIFTY-NINTH W AVE,923 S FIFTY-NINTH W AVE,0.8058668042014813
1164,813 S FIFTY-NINTH W AVE,403 S FIFTY-NINTH W AVE,0.801103231919516
1167,813 S FIFTY-NINTH W AVE,823 S FIFTY-NINTH W AVE,0.8122651699103532
1168,813 S FIFTY-NINTH W AVE,423 S FIFTY-NINTH W AVE,0.8122651699103532
1169,813 S FIFTY-NINTH W AVE,923 S FIFTY-NINTH W AVE,0.8058668042014813
1170,813 S FIFTY-NINTH W AVE,403 S FIFTY-NINTH W AVE,0.801103231919516
1176,524 S FIFTY-SEVENTH W AVE,1124 S FIFTY-SEVENTH W AVE,0.8674804497322202
1177,524 S FIFTY-SEVENTH W AVE,414 S FIFTY-SEVENTH W AVE,0.813039368524812
1178,524 S FIFTY-SEVENTH W AVE,504 S FIFTY-SEVENTH W AVE,0.8120345016054901
1179,524 S FIFTY-SEVENTH W AVE,534 S FIFTY-SEVENTH W AVE,0.8012985632609161
1198,1134 E. 48TH STREET NORTH,1134 E 48TH ST N,0.8708133398083069
1219,1029 NORTH QUINCY AVENUE,1029 NORTH QUINCY AVE,0.9579946113127139
1220,1029 NORTH QUINCY AVENUE,1029 N. QUINCY AVE.,0.800856330061656
1228,1134 E 48TH ST N,1134 E. 48TH STREET NORTH,0.8708133398083069
1231,33 NORTH LEWIS PLACE,63 NORTH LEWIS PLACE,0.899440609817268
1234,33 NORTH LEWIS PLACE,63 NORTH LEWIS PLACE,0.899440609817268
1527,COLEELA ABBOTT,COOLEELA ABBOTT,0.8887310878328463
1541,545 EAST MARSHALL STREET,545 EAST MARSHALL STREET ,0.9780418121320014
1542,545 EAST MARSHALL STREET,1515 EAST MARSHALL STREET,0.8232368745662948
1559,1029 NORTH QUINCY AVE,1029 NORTH QUINCY AVENUE,0.9579946113127139
1560,1029 NORTH QUINCY AVE,1029 N. QUINCY AVE.,0.8359716438950155
1596,COOLEELA ABBOTT,COLEELA ABBOTT,0.8887310878328463
1600,1708 NORTH ATLANTA AVENUE,1708 NORTH ATLANTA COURT,0.8116854058516547
1602,1708 NORTH ATLANTA COURT,1708 NORTH ATLANTA AVENUE,0.8116854058516547
1624,JOHN N. REESE JR U.S. ARMY RESERVE CENTER MAINTENANCE SHOP,JOHN N. REESE JR U.S. ARMY RESERVE CENTER,0.8372939812952902
1626,JOHN N. REESE JR U.S. ARMY RESERVE CENTER,JOHN N. REESE JR U.S. ARMY RESERVE CENTER MAINTENANCE SHOP,0.8372939812952902
1729, 1828 NORTH CINCINNATI AVENUE,2458 NORTH CINCINNATI AVENUE,0.8002873266212421
1743,1745 EAST LATIMER COURT,1741 EAST LATIMER COURT,0.8241754430676174
1762, 112 NORTH OLYMPIA AVENUE,117 NORTH OLYMPIA AVENUE,0.8005802341874189
1765, 120 NORTH MAYBELLE AVENUE, 122 NORTH MAYBELLE AVENUE,0.8206813805769962
1766, 120 NORTH MAYBELLE AVENUE, 126 NORTH MAYBELLE AVENUE,0.8101197589287633
1768, 122 NORTH MAYBELLE AVENUE, 120 NORTH MAYBELLE AVENUE,0.8206813805769962
1769, 122 NORTH MAYBELLE AVENUE, 126 NORTH MAYBELLE AVENUE,0.8078097937952565
1771, 126 NORTH MAYBELLE AVENUE, 120 NORTH MAYBELLE AVENUE,0.8101197589287633
1772, 126 NORTH MAYBELLE AVENUE, 122 NORTH MAYBELLE AVENUE,0.8078097937952565
1825, 215 NORTH 31ST WEST AVE, 5 NORTH 31ST WEST AVE,0.8299174934485629
1862, 416 S FIFTY-EIGHTH W AVE,416 S FIFTY-EIGHTH W AVE,0.9548937523102924
1870, 5 NORTH 31ST WEST AVE, 215 NORTH 31ST WEST AVE,0.8299174934485629
1874, 5037 W ADMIRAL BOULEVARD,5037 WEST ADMIRAL BOULEVARD,0.8916862545534485
1912,NORTH MAIN STREET RESIDENTIAL DISTRICT,N MAIN ST RESIDENTIAL DISTRICT,0.830191352015334
1913,NORTH MAIN STREET RESIDENTIAL DISTRICT,N MAIN ST RESIDENTIAL DISTRICT,0.830191352015334
1914,NORTH MAIN STREET RESIDENTIAL DISTRICT,N MAIN ST RESIDENTIAL DISTRICT,0.830191352015334
1915,NORTH MAIN STREET RESIDENTIAL DISTRICT,N MAIN ST RESIDENTIAL DISTRICT,0.830191352015334
1938,1012 NORTH DELAWARE PLACE,1012 N. DELAWARE PL.,0.8192004991037228
1943,1020 EAST INDEPENDENCE STREET,1030 EAST INDEPENDENCE STREET,0.8457865334561121
1944,1020 EAST INDEPENDENCE STREET,1619 EAST INDEPENDENCE STREET,0.821898216651919
1946,1023 EAST HASKELL PLACE,1027 EAST HASKELL PLACE,0.8059588194008174
1948,1027 EAST HASKELL PLACE,1023 EAST HASKELL PLACE,0.8059588194008174
1957,1030 EAST INDEPENDENCE STREET,1020 EAST INDEPENDENCE STREET,0.8457865334561121
1958,1030 EAST INDEPENDENCE STREET,1619 EAST INDEPENDENCE STREET,0.8176890607436569
1994,1106 S FIFTY-EIGHTH W AVE,406 S FIFTY-EIGHTH W AVE,0.844424429527937
1996,1106 S FIFTY-SEVENTH W AVE,406 S FIFTY-SEVENTH W AVE,0.8493614016757081
2004,1110 S FIFTY-SEVENTH W AVE,410 S FIFTY-SEVENTH W AVE,0.8619517395197449
2005,1110 S FIFTY-SEVENTH W AVE,1111 S FIFTY-SEVENTH W AVE,0.8041202184220247
2008,1111 S FIFTY-SEVENTH W AVE,1110 S FIFTY-SEVENTH W AVE,0.8041202184220247
2012,1114 S FIFTY-SEVENTH W AVE,414 S FIFTY-SEVENTH W AVE,0.8607678718531062
2015,1118 S FIFTY-EIGHTH W AVE,418 S FIFTY-EIGHTH W AVE,0.846323155453329
2032,1122 S FIFTY-EIGHTH W AVE,422 S FIFTY-EIGHTH W AVE,0.856767217227028
2033,1122 S FIFTY-EIGHTH W AVE,412 S FIFTY-EIGHTH W AVE,0.8038884824105674
2038,1124 S FIFTY-SEVENTH W AVE,524 S FIFTY-SEVENTH W AVE,0.8674804497322202
2041,1126 S FIFTY-EIGHTH W AVE,426 S FIFTY-EIGHTH W AVE,0.8445380529690976
2044,1128 S FIFTY-SEVENTH W AVE,528 S FIFTY-SEVENTH W AVE,0.855334132205541
2048,1130 S FIFTY-EIGHTH W AVE,430 S FIFTY-EIGHTH W AVE,0.8552267558369678
2049,1130 S FIFTY-EIGHTH W AVE,830 S FIFTY-EIGHTH W AVE,0.8460647262696439
2053,1132 S FIFTY-SEVENTH W AVE,532 S FIFTY-SEVENTH W AVE,0.8676984705741189
2054,1132 S FIFTY-SEVENTH W AVE,512 S FIFTY-SEVENTH W AVE,0.8040122597748359
2075,1151 NORTH VANCOUVER AVENUE,123 NORTH VANCOUVER AVENUE,0.8133523233246476
2083,117 NORTH OLYMPIA AVENUE, 112 NORTH OLYMPIA AVENUE,0.8005802341874189
2088,CHEYENNE PARK HISTORIC DISTRICT,CHEYENNE HISTORIC DISTRICT,0.8131816023285167
2089,CHEYENNE PARK HISTORIC DISTRICT,CHEYENNE HISTORIC DISTRICT,0.8131816023285167
2090,CHEYENNE PARK HISTORIC DISTRICT,CHEYENNE HISTORIC DISTRICT,0.8131816023285167
2091,CHEYENNE PARK HISTORIC DISTRICT,CHEYENNE HISTORIC DISTRICT,0.8131816023285167
2092,CHEYENNE PARK HISTORIC DISTRICT,CHEYENNE HISTORIC DISTRICT,0.8131816023285167
2093,CHEYENNE PARK HISTORIC DISTRICT,CHEYENNE HISTORIC DISTRICT,0.8131816023285167
2094,CHEYENNE PARK HISTORIC DISTRICT,CHEYENNE HISTORIC DISTRICT,0.8131816023285167
2095,CHEYENNE PARK HISTORIC DISTRICT,CHEYENNE HISTORIC DISTRICT,0.8131816023285167
2115,1212 NORTH BOSTON AVE,1212 N BOSTON AVE,0.8066592440139116
2164,1332 NORTH MAIN STREET (GARAGE ONLY),2635 NORTH MAIN STREET (GARAGE ONLY),0.8273917184101859
2167,14 SOUTH OLYMPIA AVENUE,15 SOUTH OLYMPIA AVENUE,0.8910375313180485
2282,15 SOUTH OLYMPIA AVENUE,14 SOUTH OLYMPIA AVENUE,0.8910375313180485
2287,1515 EAST MARSHALL STREET,545 EAST MARSHALL STREET,0.8232368745662948
2288,1515 EAST MARSHALL STREET,545 EAST MARSHALL STREET ,0.8051600846147046
2304,1619 EAST INDEPENDENCE STREET,1020 EAST INDEPENDENCE STREET,0.821898216651919
2305,1619 EAST INDEPENDENCE STREET,1030 EAST INDEPENDENCE STREET,0.8176890607436569
2310,1628 NORTH NORFOLK AVENUE,1828 NORTH NORFOLK AVENUE,0.8336286328882793
2316,1715 EAST MARSHALL PLACE,505 EAST MARSHALL PLACE,0.824638306618064
2320,1741 EAST LATIMER COURT,1745 EAST LATIMER COURT,0.8241754430676174
2329,1827 NORTH NORFOLK AVENUE,1828 NORTH NORFOLK AVENUE,0.8095139900768124
2331,1828 NORTH NORFOLK AVENUE,1628 NORTH NORFOLK AVENUE,0.8336286328882793
2332,1828 NORTH NORFOLK AVENUE,1827 NORTH NORFOLK AVENUE,0.8095139900768124
2379,2112 NORTH OWASSO AVENUE,2115 NORTH OWASSO AVENUE,0.8397384799105513
2381,2115 NORTH OWASSO AVENUE,2112 NORTH OWASSO AVENUE,0.8397384799105513
2396,2131 EAST MOHAWK BLVD,219 EAST MOHAWK BLVD,0.8070442280316696
2418,219 EAST MOHAWK BLVD,2131 EAST MOHAWK BLVD,0.8070442280316696
2420,2204 S FIFTY-SEVENTH W AVE,504 S FIFTY-SEVENTH W AVE,0.8373118866671496
2424,2212 S FIFTY-SEVENTH W AVE,512 S FIFTY-SEVENTH W AVE,0.8500339722078417
2467,2458 NORTH CINCINNATI AVENUE, 1828 NORTH CINCINNATI AVENUE,0.8002873266212421
2474,2530 NORTH ROCKFORD AVENUE,2538 NORTH ROCKFORD AVENUE,0.8012831072083242
2482,2635 NORTH MAIN STREET (GARAGE ONLY),1332 NORTH MAIN STREET (GARAGE ONLY),0.8273917184101859
2545,403 S FIFTY-NINTH W AVE,823 S FIFTY-NINTH W AVE,0.8028795051243485
2546,403 S FIFTY-NINTH W AVE,423 S FIFTY-NINTH W AVE,0.8028795051243485
2547,403 S FIFTY-NINTH W AVE,813 S FIFTY-NINTH W AVE,0.801103231919516
2548,403 S FIFTY-NINTH W AVE,813 S FIFTY-NINTH W AVE,0.801103231919516
2550,405 S FIFTY-EIGHTH W AVE,425 S FIFTY-EIGHTH W AVE,0.808544236558005
2552,406 S FIFTY-EIGHTH W AVE,1106 S FIFTY-EIGHTH W AVE,0.844424429527937
2553,406 S FIFTY-EIGHTH W AVE,416 S FIFTY-EIGHTH W AVE,0.8163216874689666
2554,406 S FIFTY-EIGHTH W AVE,436 S FIFTY-EIGHTH W AVE,0.8052052816306497
2556,406 S FIFTY-SEVENTH W AVE,1106 S FIFTY-SEVENTH W AVE,0.8493614016757081
2557,406 S FIFTY-SEVENTH W AVE,416 S FIFTY-SEVENTH W AVE,0.8224926423918527
2563,410 S FIFTY-SEVENTH W AVE,1110 S FIFTY-SEVENTH W AVE,0.8619517395197449
2566,412 S FIFTY-EIGHTH W AVE,812 S FIFTY-EIGHTH W AVE,0.8916484842624964
2567,412 S FIFTY-EIGHTH W AVE,422 S FIFTY-EIGHTH W AVE,0.823640469621968
2568,412 S FIFTY-EIGHTH W AVE,1122 S FIFTY-EIGHTH W AVE,0.8038884824105674
2572,413 S FIFTY-EIGHTH W AVE,433 S FIFTY-EIGHTH W AVE,0.8096381399544836
2576,414 S FIFTY-SEVENTH W AVE,1114 S FIFTY-SEVENTH W AVE,0.8607678718531062
2577,414 S FIFTY-SEVENTH W AVE,524 S FIFTY-SEVENTH W AVE,0.813039368524812
2578,414 S FIFTY-SEVENTH W AVE,504 S FIFTY-SEVENTH W AVE,0.8026021276718802
2580,415 S FIFTY-NINTH W AVE,435 S FIFTY-NINTH W AVE,0.8031174415935651
2582,416 S FIFTY-EIGHTH W AVE, 416 S FIFTY-EIGHTH W AVE,0.9548937523102924
2583,416 S FIFTY-EIGHTH W AVE,436 S FIFTY-EIGHTH W AVE,0.8187964874058121
2584,416 S FIFTY-EIGHTH W AVE,406 S FIFTY-EIGHTH W AVE,0.8163216874689666
2585,416 S FIFTY-EIGHTH W AVE,426 S FIFTY-EIGHTH W AVE,0.8103550035505677
2587,416 S FIFTY-NINTH W AVE,426 S FIFTY-NINTH W AVE,0.8066758188099434
2589,416 S FIFTY-SEVENTH W AVE,406 S FIFTY-SEVENTH W AVE,0.8224926423918527
2593,417 S FIFTY-EIGHTH W AVE,437 S FIFTY-EIGHTH W AVE,0.8032887100871495
2595,418 S FIFTY-EIGHTH W AVE,1118 S FIFTY-EIGHTH W AVE,0.846323155453329
2597,419 S FIFTY-NINTH W AVE,439 S FIFTY-NINTH W AVE,0.8083916492252468
2603,422 S FIFTY-EIGHTH W AVE,1122 S FIFTY-EIGHTH W AVE,0.856767217227028
2604,422 S FIFTY-EIGHTH W AVE,412 S FIFTY-EIGHTH W AVE,0.823640469621968
2605,422 S FIFTY-EIGHTH W AVE,812 S FIFTY-EIGHTH W AVE,0.8088575866096948
2608,423 S FIFTY-NINTH W AVE,823 S FIFTY-NINTH W AVE,0.8812661421708449
2609,423 S FIFTY-NINTH W AVE,923 S FIFTY-NINTH W AVE,0.874324242809239
2610,423 S FIFTY-NINTH W AVE,813 S FIFTY-NINTH W AVE,0.8122651699103532
2611,423 S FIFTY-NINTH W AVE,813 S FIFTY-NINTH W AVE,0.8122651699103532
2612,423 S FIFTY-NINTH W AVE,403 S FIFTY-NINTH W AVE,0.8028795051243485
2615,425 S FIFTY-EIGHTH W AVE,405 S FIFTY-EIGHTH W AVE,0.808544236558005
2616,425 S FIFTY-EIGHTH W AVE,445 S FIFTY-EIGHTH W AVE,0.8002751381770193
2619,426 S FIFTY-EIGHTH W AVE,1126 S FIFTY-EIGHTH W AVE,0.8445380529690976
2620,426 S FIFTY-EIGHTH W AVE,416 S FIFTY-EIGHTH W AVE,0.8103550035505677
2622,426 S FIFTY-NINTH W AVE,416 S FIFTY-NINTH W AVE,0.8066758188099434
2628,430 S FIFTY-EIGHTH W AVE,830 S FIFTY-EIGHTH W AVE,0.8689032478174594
2629,430 S FIFTY-EIGHTH W AVE,1130 S FIFTY-EIGHTH W AVE,0.8552267558369678
2631,430 S FIFTY-NINTH W AVE,920 S FIFTY-NINTH W AVE,0.8029368026966488
2633,431 S FIFTY-NINTH W AVE,411 S FIFTY-NINTH W AVE,0.8158390199997934
2634,431 S FIFTY-NINTH W AVE,411 S FIFTY-NINTH W AVE,0.8158390199997934
2636,433 S FIFTY-EIGHTH W AVE,413 S FIFTY-EIGHTH W AVE,0.8096381399544836
2640,435 S FIFTY-NINTH W AVE,415 S FIFTY-NINTH W AVE,0.8031174415935651
2642,4355 NORTH FRANKFORT PLACE,4955 NORTH FRANKFORT PLACE,0.8235873699425816
2644,436 S FIFTY-EIGHTH W AVE,416 S FIFTY-EIGHTH W AVE,0.8187964874058121
2645,436 S FIFTY-EIGHTH W AVE,406 S FIFTY-EIGHTH W AVE,0.8052052816306497
2647,437 S FIFTY-EIGHTH W AVE,417 S FIFTY-EIGHTH W AVE,0.8032887100871495
2650,439 S FIFTY-NINTH W AVE,419 S FIFTY-NINTH W AVE,0.8083916492252468
2655,445 S FIFTY-EIGHTH W AVE,425 S FIFTY-EIGHTH W AVE,0.8002751381770193
2668,4823 SOUTH 35TH WEST AVENUE,4827 SOUTH 35TH WEST AVENUE,0.8233906568707503
2670,4827 SOUTH 35TH WEST AVENUE,4823 SOUTH 35TH WEST AVENUE,0.8233906568707503
2674,4955 NORTH FRANKFORT PLACE,4355 NORTH FRANKFORT PLACE,0.8235873699425816
2679,5037 WEST ADMIRAL BOULEVARD, 5037 W ADMIRAL BOULEVARD,0.8916862545534485
2681,504 S FIFTY-SEVENTH W AVE,2204 S FIFTY-SEVENTH W AVE,0.8373118866671496
2682,504 S FIFTY-SEVENTH W AVE,524 S FIFTY-SEVENTH W AVE,0.8120345016054901
2683,504 S FIFTY-SEVENTH W AVE,414 S FIFTY-SEVENTH W AVE,0.8026021276718802
2689,512 S FIFTY-SEVENTH W AVE,2212 S FIFTY-SEVENTH W AVE,0.8500339722078417
2690,512 S FIFTY-SEVENTH W AVE,532 S FIFTY-SEVENTH W AVE,0.8259057974633436
2691,512 S FIFTY-SEVENTH W AVE,1132 S FIFTY-SEVENTH W AVE,0.8040122597748359
2699,523 EAST TECUMSEH STREET,703 EAST TECUMSEH STREET ,0.847612721730531
2700,523 EAST TECUMSEH STREET,525 EAST TECUMSEH STREET,0.8133090956063587
2703,528 S FIFTY-SEVENTH W AVE,1128 S FIFTY-SEVENTH W AVE,0.855334132205541
2705,532 S FIFTY-SEVENTH W AVE,1132 S FIFTY-SEVENTH W AVE,0.8676984705741189
2706,532 S FIFTY-SEVENTH W AVE,512 S FIFTY-SEVENTH W AVE,0.8259057974633436
2708,534 S FIFTY-SEVENTH W AVE,524 S FIFTY-SEVENTH W AVE,0.8012985632609161
2861,63 NORTH LEWIS PLACE,33 NORTH LEWIS PLACE,0.899440609817268
2862,63 NORTH LEWIS PLACE,33 NORTH LEWIS PLACE,0.899440609817268
2874,703 EAST TECUMSEH STREET ,523 EAST TECUMSEH STREET,0.847612721730531
2877,719 NORTH ROCKFORD AVENUE,923 NORTH ROCKFORD AVENUE,0.8086930632918103
3306,753 EAST SEMINOLE PLACE ,503 EAST SEMINOLE PLACE,0.8213407043329508
3307,753 EAST SEMINOLE PLACE ,753 E. SEMINOLE PL.,0.8105306140810861
3320,812 S FIFTY-EIGHTH W AVE,412 S FIFTY-EIGHTH W AVE,0.8916484842624964
3321,812 S FIFTY-EIGHTH W AVE,422 S FIFTY-EIGHTH W AVE,0.8088575866096948
3324,823 S FIFTY-NINTH W AVE,423 S FIFTY-NINTH W AVE,0.8812661421708449
3325,823 S FIFTY-NINTH W AVE,923 S FIFTY-NINTH W AVE,0.874324242809239
3326,823 S FIFTY-NINTH W AVE,813 S FIFTY-NINTH W AVE,0.8122651699103532
3327,823 S FIFTY-NINTH W AVE,813 S FIFTY-NINTH W AVE,0.8122651699103532
3328,823 S FIFTY-NINTH W AVE,403 S FIFTY-NINTH W AVE,0.8028795051243485
3330,830 S FIFTY-EIGHTH W AVE,430 S FIFTY-EIGHTH W AVE,0.8689032478174594
3331,830 S FIFTY-EIGHTH W AVE,1130 S FIFTY-EIGHTH W AVE,0.8460647262696439
3352,920 S FIFTY-NINTH W AVE,430 S FIFTY-NINTH W AVE,0.8029368026966488
3354,921 S FIFTY-NINTH W AVE,411 S FIFTY-NINTH W AVE,0.8068793204833831
3355,921 S FIFTY-NINTH W AVE,411 S FIFTY-NINTH W AVE,0.8068793204833831
3357,923 NORTH ROCKFORD AVENUE,719 NORTH ROCKFORD AVENUE,0.8086930632918103
3359,923 S FIFTY-NINTH W AVE,823 S FIFTY-NINTH W AVE,0.874324242809239
3360,923 S FIFTY-NINTH W AVE,423 S FIFTY-NINTH W AVE,0.874324242809239
3361,923 S FIFTY-NINTH W AVE,813 S FIFTY-NINTH W AVE,0.8058668042014813
3362,923 S FIFTY-NINTH W AVE,813 S FIFTY-NINTH W AVE,0.8058668042014813
3715,CHEYENNE PARK HISTORIC DISTRICT,CHEYENNE HISTORIC DISTRICT,0.8131816023285167
3716,CHEYENNE PARK HISTORIC DISTRICT,CHEYENNE HISTORIC DISTRICT,0.8131816023285167
3717,CHEYENNE PARK HISTORIC DISTRICT,CHEYENNE HISTORIC DISTRICT,0.8131816023285167
3718,CHEYENNE PARK HISTORIC DISTRICT,CHEYENNE HISTORIC DISTRICT,0.8131816023285167
3719,CHEYENNE PARK HISTORIC DISTRICT,CHEYENNE HISTORIC DISTRICT,0.8131816023285167
3720,CHEYENNE PARK HISTORIC DISTRICT,CHEYENNE HISTORIC DISTRICT,0.8131816023285167
3721,CHEYENNE PARK HISTORIC DISTRICT,CHEYENNE HISTORIC DISTRICT,0.8131816023285167
3722,CHEYENNE PARK HISTORIC DISTRICT,CHEYENNE HISTORIC DISTRICT,0.8131816023285167
3774,"BUILDING 20, TULSA IA AIR NATIONAL GUARD BASE","BUILDING 220, TULSA IA AIR NATIONAL GUARD BASE",0.9431737935355509
3775,"BUILDING 20, TULSA IA AIR NATIONAL GUARD BASE","BUILDING 320, TULSA IA AIR NATIONAL GUARD BASE",0.9038962743935421
3776,"BUILDING 20, TULSA IA AIR NATIONAL GUARD BASE","BUILDING 25, TULSA IA AIR NATIONAL GUARD BASE",0.8950150388327889
3777,"BUILDING 20, TULSA IA AIR NATIONAL GUARD BASE","BUILDING 222, TULSA IA AIR NATIONAL GUARD BASE",0.8766563088157879
3778,"BUILDING 20, TULSA IA AIR NATIONAL GUARD BASE","BUILDING 224, TULSA IA AIR NATIONAL GUARD BASE",0.8726439660006284
3779,"BUILDING 20, TULSA IA AIR NATIONAL GUARD BASE","BUILDING 5, TULSA IA AIR NATIONAL GUARD BASE",0.8580707830469295
3780,"BUILDING 20, TULSA IA AIR NATIONAL GUARD BASE","BUILDING 415, TULSA IA AIR NATIONAL GUARD BASE",0.8389243923579318
3781,"BUILDING 20, TULSA IA AIR NATIONAL GUARD BASE","BUILDING 304, TULSA IA AIR NATIONAL GUARD BASE",0.8349391657983006
3782,"BUILDING 20, TULSA IA AIR NATIONAL GUARD BASE","BUILDING 402, TULSA IA AIR NATIONAL GUARD BASE",0.8344447981122078
3784,"BUILDING 220, TULSA IA AIR NATIONAL GUARD BASE","BUILDING 20, TULSA IA AIR NATIONAL GUARD BASE",0.9431737935355509
3785,"BUILDING 220, TULSA IA AIR NATIONAL GUARD BASE","BUILDING 222, TULSA IA AIR NATIONAL GUARD BASE",0.8952438574909453
3786,"BUILDING 220, TULSA IA AIR NATIONAL GUARD BASE","BUILDING 224, TULSA IA AIR NATIONAL GUARD BASE",0.8911464418637516
3787,"BUILDING 220, TULSA IA AIR NATIONAL GUARD BASE","BUILDING 320, TULSA IA AIR NATIONAL GUARD BASE",0.8874721870161411
3788,"BUILDING 220, TULSA IA AIR NATIONAL GUARD BASE","BUILDING 25, TULSA IA AIR NATIONAL GUARD BASE",0.8787523263752768
3789,"BUILDING 220, TULSA IA AIR NATIONAL GUARD BASE","BUILDING 5, TULSA IA AIR NATIONAL GUARD BASE",0.842479359654667
3790,"BUILDING 220, TULSA IA AIR NATIONAL GUARD BASE","BUILDING 415, TULSA IA AIR NATIONAL GUARD BASE",0.8236808650711706
3791,"BUILDING 220, TULSA IA AIR NATIONAL GUARD BASE","BUILDING 304, TULSA IA AIR NATIONAL GUARD BASE",0.8197680513658546
3792,"BUILDING 220, TULSA IA AIR NATIONAL GUARD BASE","BUILDING 402, TULSA IA AIR NATIONAL GUARD BASE",0.8192826665003611
3794,"BUILDING 222, TULSA IA AIR NATIONAL GUARD BASE","BUILDING 220, TULSA IA AIR NATIONAL GUARD BASE",0.8952438574909453
3795,"BUILDING 222, TULSA IA AIR NATIONAL GUARD BASE","BUILDING 224, TULSA IA AIR NATIONAL GUARD BASE",0.8931696003877373
3796,"BUILDING 222, TULSA IA AIR NATIONAL GUARD BASE","BUILDING 25, TULSA IA AIR NATIONAL GUARD BASE",0.8807473466952374
3797,"BUILDING 222, TULSA IA AIR NATIONAL GUARD BASE","BUILDING 20, TULSA IA AIR NATIONAL GUARD BASE",0.8766563088157879
3798,"BUILDING 222, TULSA IA AIR NATIONAL GUARD BASE","BUILDING 402, TULSA IA AIR NATIONAL GUARD BASE",0.8607593769242273
3799,"BUILDING 222, TULSA IA AIR NATIONAL GUARD BASE","BUILDING 302, TULSA IA AIR NATIONAL GUARD BASE",0.8600675274517366
3800,"BUILDING 222, TULSA IA AIR NATIONAL GUARD BASE","BUILDING 532, TULSA IA AIR NATIONAL GUARD BASE",0.8598243836822234
3801,"BUILDING 222, TULSA IA AIR NATIONAL GUARD BASE","BUILDING 602, TULSA IA AIR NATIONAL GUARD BASE",0.8547291016591283
3802,"BUILDING 222, TULSA IA AIR NATIONAL GUARD BASE","BUILDING 5, TULSA IA AIR NATIONAL GUARD BASE",0.8443920299159127
3804,"BUILDING 224, TULSA IA AIR NATIONAL GUARD BASE","BUILDING 222, TULSA IA AIR NATIONAL GUARD BASE",0.8931696003877373
3805,"BUILDING 224, TULSA IA AIR NATIONAL GUARD BASE","BUILDING 220, TULSA IA AIR NATIONAL GUARD BASE",0.8911464418637516
3806,"BUILDING 224, TULSA IA AIR NATIONAL GUARD BASE","BUILDING 25, TULSA IA AIR NATIONAL GUARD BASE",0.8767162797275486
3807,"BUILDING 224, TULSA IA AIR NATIONAL GUARD BASE","BUILDING 20, TULSA IA AIR NATIONAL GUARD BASE",0.8726439660006284
3808,"BUILDING 224, TULSA IA AIR NATIONAL GUARD BASE","BUILDING 304, TULSA IA AIR NATIONAL GUARD BASE",0.8616073133741887
3809,"BUILDING 224, TULSA IA AIR NATIONAL GUARD BASE","BUILDING 314, TULSA IA AIR NATIONAL GUARD BASE",0.8591309321325108
3810,"BUILDING 224, TULSA IA AIR NATIONAL GUARD BASE","BUILDING 5, TULSA IA AIR NATIONAL GUARD BASE",0.8405273565423896
3811,"BUILDING 224, TULSA IA AIR NATIONAL GUARD BASE","BUILDING 415, TULSA IA AIR NATIONAL GUARD BASE",0.8217724175896779
3812,"BUILDING 224, TULSA IA AIR NATIONAL GUARD BASE","BUILDING 320, TULSA IA AIR NATIONAL GUARD BASE",0.8182404701913338
3814,"BUILDING 25, TULSA IA AIR NATIONAL GUARD BASE","BUILDING 5, TULSA IA AIR NATIONAL GUARD BASE",0.9020124469648311
3815,"BUILDING 25, TULSA IA AIR NATIONAL GUARD BASE","BUILDING 20, TULSA IA AIR NATIONAL GUARD BASE",0.8950150388327889
3816,"BUILDING 25, TULSA IA AIR NATIONAL GUARD BASE","BUILDING 415, TULSA IA AIR NATIONAL GUARD BASE",0.881885572752191
3817,"BUILDING 25, TULSA IA AIR NATIONAL GUARD BASE","BUILDING 222, TULSA IA AIR NATIONAL GUARD BASE",0.8807473466952374
3818,"BUILDING 25, TULSA IA AIR NATIONAL GUARD BASE","BUILDING 220, TULSA IA AIR NATIONAL GUARD BASE",0.8787523263752768
3819,"BUILDING 25, TULSA IA AIR NATIONAL GUARD BASE","BUILDING 224, TULSA IA AIR NATIONAL GUARD BASE",0.8767162797275486
3820,"BUILDING 25, TULSA IA AIR NATIONAL GUARD BASE","BUILDING 535, TULSA IA AIR NATIONAL GUARD BASE",0.8749029769077108
3821,"BUILDING 25, TULSA IA AIR NATIONAL GUARD BASE","BUILDING 305, TULSA IA AIR NATIONAL GUARD BASE",0.8747811218565978
3822,"BUILDING 25, TULSA IA AIR NATIONAL GUARD BASE","BUILDING 320, TULSA IA AIR NATIONAL GUARD BASE",0.8392168567430723
3824,"BUILDING 301, TULSA IA AIR NATIONAL GUARD BASE","BUILDING 401, TULSA IA AIR NATIONAL GUARD BASE",0.8891092086016263
3825,"BUILDING 301, TULSA IA AIR NATIONAL GUARD BASE","BUILDING 304, TULSA IA AIR NATIONAL GUARD BASE",0.8882478140315362
3826,"BUILDING 301, TULSA IA AIR NATIONAL GUARD BASE","BUILDING 302, TULSA IA AIR NATIONAL GUARD BASE",0.8870083612531001
3827,"BUILDING 301, TULSA IA AIR NATIONAL GUARD BASE","BUILDING 501, TULSA IA AIR NATIONAL GUARD BASE",0.8864191894258125
3828,"BUILDING 301, TULSA IA AIR NATIONAL GUARD BASE","BUILDING 305, TULSA IA AIR NATIONAL GUARD BASE",0.885297627039918
3829,"BUILDING 301, TULSA IA AIR NATIONAL GUARD BASE","BUILDING 320, TULSA IA AIR NATIONAL GUARD BASE",0.8541928520633821
3830,"BUILDING 301, TULSA IA AIR NATIONAL GUARD BASE","BUILDING 316, TULSA IA AIR NATIONAL GUARD BASE",0.8531271644448621
3831,"BUILDING 301, TULSA IA AIR NATIONAL GUARD BASE","BUILDING 314, TULSA IA AIR NATIONAL GUARD BASE",0.8513507597656614
3832,"BUILDING 301, TULSA IA AIR NATIONAL GUARD BASE","BUILDING 318, TULSA IA AIR NATIONAL GUARD BASE",0.8507520206627653
3834,"BUILDING 302, TULSA IA AIR NATIONAL GUARD BASE","BUILDING 402, TULSA IA AIR NATIONAL GUARD BASE",0.8881969579274112
3835,"BUILDING 302, TULSA IA AIR NATIONAL GUARD BASE","BUILDING 304, TULSA IA AIR NATIONAL GUARD BASE",0.8880073369769342
3836,"BUILDING 302, TULSA IA AIR NATIONAL GUARD BASE","BUILDING 301, TULSA IA AIR NATIONAL GUARD BASE",0.8870083612531001
3837,"BUILDING 302, TULSA IA AIR NATIONAL GUARD BASE","BUILDING 305, TULSA IA AIR NATIONAL GUARD BASE",0.8850579486951656
3838,"BUILDING 302, TULSA IA AIR NATIONAL GUARD BASE","BUILDING 602, TULSA IA AIR NATIONAL GUARD BASE",0.8819744615021446
3839,"BUILDING 302, TULSA IA AIR NATIONAL GUARD BASE","BUILDING 222, TULSA IA AIR NATIONAL GUARD BASE",0.8600675274517366
3840,"BUILDING 302, TULSA IA AIR NATIONAL GUARD BASE","BUILDING 532, TULSA IA AIR NATIONAL GUARD BASE",0.8572192884780763
3841,"BUILDING 302, TULSA IA AIR NATIONAL GUARD BASE","BUILDING 320, TULSA IA AIR NATIONAL GUARD BASE",0.8539615947747277
3842,"BUILDING 302, TULSA IA AIR NATIONAL GUARD BASE","BUILDING 316, TULSA IA AIR NATIONAL GUARD BASE",0.8528961956718846
3844,"BUILDING 304, TULSA IA AIR NATIONAL GUARD BASE","BUILDING 314, TULSA IA AIR NATIONAL GUARD BASE",0.8960513287779219
3845,"BUILDING 304, TULSA IA AIR NATIONAL GUARD BASE","BUILDING 301, TULSA IA AIR NATIONAL GUARD BASE",0.8882478140315362
3846,"BUILDING 304, TULSA IA AIR NATIONAL GUARD BASE","BUILDING 302, TULSA IA AIR NATIONAL GUARD BASE",0.8880073369769342
3847,"BUILDING 304, TULSA IA AIR NATIONAL GUARD BASE","BUILDING 305, TULSA IA AIR NATIONAL GUARD BASE",0.886294676082986
3848,"BUILDING 304, TULSA IA AIR NATIONAL GUARD BASE","BUILDING 224, TULSA IA AIR NATIONAL GUARD BASE",0.8616073133741887
3849,"BUILDING 304, TULSA IA AIR NATIONAL GUARD BASE","BUILDING 320, TULSA IA AIR NATIONAL GUARD BASE",0.8551548699653085
3850,"BUILDING 304, TULSA IA AIR NATIONAL GUARD BASE","BUILDING 316, TULSA IA AIR NATIONAL GUARD BASE",0.854087982137065
3851,"BUILDING 304, TULSA IA AIR NATIONAL GUARD BASE","BUILDING 318, TULSA IA AIR NATIONAL GUARD BASE",0.8517101633959904
3852,"BUILDING 304, TULSA IA AIR NATIONAL GUARD BASE","BUILDING 326, TULSA IA AIR NATIONAL GUARD BASE",0.8504230622390976
3854,"BUILDING 305, TULSA IA AIR NATIONAL GUARD BASE","BUILDING 304, TULSA IA AIR NATIONAL GUARD BASE",0.886294676082986
3855,"BUILDING 305, TULSA IA AIR NATIONAL GUARD BASE","BUILDING 301, TULSA IA AIR NATIONAL GUARD BASE",0.885297627039918
3856,"BUILDING 305, TULSA IA AIR NATIONAL GUARD BASE","BUILDING 302, TULSA IA AIR NATIONAL GUARD BASE",0.8850579486951656
3857,"BUILDING 305, TULSA IA AIR NATIONAL GUARD BASE","BUILDING 5, TULSA IA AIR NATIONAL GUARD BASE",0.8791345015751019
3858,"BUILDING 305, TULSA IA AIR NATIONAL GUARD BASE","BUILDING 25, TULSA IA AIR NATIONAL GUARD BASE",0.8747811218565978
3859,"BUILDING 305, TULSA IA AIR NATIONAL GUARD BASE","BUILDING 415, TULSA IA AIR NATIONAL GUARD BASE",0.8595181098182774
3860,"BUILDING 305, TULSA IA AIR NATIONAL GUARD BASE","BUILDING 535, TULSA IA AIR NATIONAL GUARD BASE",0.8527126151290481
3861,"BUILDING 305, TULSA IA AIR NATIONAL GUARD BASE","BUILDING 320, TULSA IA AIR NATIONAL GUARD BASE",0.8523145964140122
3862,"BUILDING 305, TULSA IA AIR NATIONAL GUARD BASE","BUILDING 316, TULSA IA AIR NATIONAL GUARD BASE",0.8512512520997996
3864,"BUILDING 314, TULSA IA AIR NATIONAL GUARD BASE","BUILDING 304, TULSA IA AIR NATIONAL GUARD BASE",0.8960513287779219
3865,"BUILDING 314, TULSA IA AIR NATIONAL GUARD BASE","BUILDING 316, TULSA IA AIR NATIONAL GUARD BASE",0.8894952421994406
3866,"BUILDING 314, TULSA IA AIR NATIONAL GUARD BASE","BUILDING 318, TULSA IA AIR NATIONAL GUARD BASE",0.8870188480793567
3867,"BUILDING 314, TULSA IA AIR NATIONAL GUARD BASE","BUILDING 224, TULSA IA AIR NATIONAL GUARD BASE",0.8591309321325108
3868,"BUILDING 314, TULSA IA AIR NATIONAL GUARD BASE","BUILDING 320, TULSA IA AIR NATIONAL GUARD BASE",0.852697033958302
3869,"BUILDING 314, TULSA IA AIR NATIONAL GUARD BASE","BUILDING 301, TULSA IA AIR NATIONAL GUARD BASE",0.8513507597656614
3870,"BUILDING 314, TULSA IA AIR NATIONAL GUARD BASE","BUILDING 302, TULSA IA AIR NATIONAL GUARD BASE",0.8511202719221701
3871,"BUILDING 314, TULSA IA AIR NATIONAL GUARD BASE","BUILDING 305, TULSA IA AIR NATIONAL GUARD BASE",0.8494787534965113
3872,"BUILDING 314, TULSA IA AIR NATIONAL GUARD BASE","BUILDING 326, TULSA IA AIR NATIONAL GUARD BASE",0.8479788261165285
3874,"BUILDING 316, TULSA IA AIR NATIONAL GUARD BASE","BUILDING 326, TULSA IA AIR NATIONAL GUARD BASE",0.8933584931802002
3875,"BUILDING 316, TULSA IA AIR NATIONAL GUARD BASE","BUILDING 314, TULSA IA AIR NATIONAL GUARD BASE",0.8894952421994406
3876,"BUILDING 316, TULSA IA AIR NATIONAL GUARD BASE","BUILDING 318, TULSA IA AIR NATIONAL GUARD BASE",0.8888696767938359
3877,"BUILDING 316, TULSA IA AIR NATIONAL GUARD BASE","BUILDING 406, TULSA IA AIR NATIONAL GUARD BASE",0.8624745013403404
3878,"BUILDING 316, TULSA IA AIR NATIONAL GUARD BASE","BUILDING 320, TULSA IA AIR NATIONAL GUARD BASE",0.8544762477355714
3879,"BUILDING 316, TULSA IA AIR NATIONAL GUARD BASE","BUILDING 304, TULSA IA AIR NATIONAL GUARD BASE",0.854087982137065
3880,"BUILDING 316, TULSA IA AIR NATIONAL GUARD BASE","BUILDING 301, TULSA IA AIR NATIONAL GUARD BASE",0.8531271644448621
3881,"BUILDING 316, TULSA IA AIR NATIONAL GUARD BASE","BUILDING 302, TULSA IA AIR NATIONAL GUARD BASE",0.8528961956718846
3882,"BUILDING 316, TULSA IA AIR NATIONAL GUARD BASE","BUILDING 305, TULSA IA AIR NATIONAL GUARD BASE",0.8512512520997996
3884,"BUILDING 318, TULSA IA AIR NATIONAL GUARD BASE","BUILDING 316, TULSA IA AIR NATIONAL GUARD BASE",0.8888696767938359
3885,"BUILDING 318, TULSA IA AIR NATIONAL GUARD BASE","BUILDING 314, TULSA IA AIR NATIONAL GUARD BASE",0.8870188480793567
3886,"BUILDING 318, TULSA IA AIR NATIONAL GUARD BASE","BUILDING 408, TULSA IA AIR NATIONAL GUARD BASE",0.863342643228889
3887,"BUILDING 318, TULSA IA AIR NATIONAL GUARD BASE","BUILDING 320, TULSA IA AIR NATIONAL GUARD BASE",0.8520973480458879
3888,"BUILDING 318, TULSA IA AIR NATIONAL GUARD BASE","BUILDING 304, TULSA IA AIR NATIONAL GUARD BASE",0.8517101633959904
3889,"BUILDING 318, TULSA IA AIR NATIONAL GUARD BASE","BUILDING 301, TULSA IA AIR NATIONAL GUARD BASE",0.8507520206627653
3890,"BUILDING 318, TULSA IA AIR NATIONAL GUARD BASE","BUILDING 302, TULSA IA AIR NATIONAL GUARD BASE",0.8505216949170735
3891,"BUILDING 318, TULSA IA AIR NATIONAL GUARD BASE","BUILDING 305, TULSA IA AIR NATIONAL GUARD BASE",0.8488813309406924
3892,"BUILDING 318, TULSA IA AIR NATIONAL GUARD BASE","BUILDING 326, TULSA IA AIR NATIONAL GUARD BASE",0.8473824584316471
3894,"BUILDING 320, TULSA IA AIR NATIONAL GUARD BASE","BUILDING 20, TULSA IA AIR NATIONAL GUARD BASE",0.9038962743935421
3895,"BUILDING 320, TULSA IA AIR NATIONAL GUARD BASE","BUILDING 220, TULSA IA AIR NATIONAL GUARD BASE",0.8874721870161411
3896,"BUILDING 320, TULSA IA AIR NATIONAL GUARD BASE","BUILDING 326, TULSA IA AIR NATIONAL GUARD BASE",0.8861490410466277
3897,"BUILDING 320, TULSA IA AIR NATIONAL GUARD BASE","BUILDING 304, TULSA IA AIR NATIONAL GUARD BASE",0.8551548699653085
3898,"BUILDING 320, TULSA IA AIR NATIONAL GUARD BASE","BUILDING 316, TULSA IA AIR NATIONAL GUARD BASE",0.8544762477355714
3899,"BUILDING 320, TULSA IA AIR NATIONAL GUARD BASE","BUILDING 301, TULSA IA AIR NATIONAL GUARD BASE",0.8541928520633821
3900,"BUILDING 320, TULSA IA AIR NATIONAL GUARD BASE","BUILDING 302, TULSA IA AIR NATIONAL GUARD BASE",0.8539615947747277
3901,"BUILDING 320, TULSA IA AIR NATIONAL GUARD BASE","BUILDING 314, TULSA IA AIR NATIONAL GUARD BASE",0.852697033958302
3902,"BUILDING 320, TULSA IA AIR NATIONAL GUARD BASE","BUILDING 305, TULSA IA AIR NATIONAL GUARD BASE",0.8523145964140122
3904,"BUILDING 326, TULSA IA AIR NATIONAL GUARD BASE","BUILDING 316, TULSA IA AIR NATIONAL GUARD BASE",0.8933584931802002
3905,"BUILDING 326, TULSA IA AIR NATIONAL GUARD BASE","BUILDING 320, TULSA IA AIR NATIONAL GUARD BASE",0.8861490410466277
3906,"BUILDING 326, TULSA IA AIR NATIONAL GUARD BASE","BUILDING 406, TULSA IA AIR NATIONAL GUARD BASE",0.8587735946099331
3907,"BUILDING 326, TULSA IA AIR NATIONAL GUARD BASE","BUILDING 304, TULSA IA AIR NATIONAL GUARD BASE",0.8504230622390976
3908,"BUILDING 326, TULSA IA AIR NATIONAL GUARD BASE","BUILDING 301, TULSA IA AIR NATIONAL GUARD BASE",0.8494663674475244
3909,"BUILDING 326, TULSA IA AIR NATIONAL GUARD BASE","BUILDING 302, TULSA IA AIR NATIONAL GUARD BASE",0.8492363897692226
3910,"BUILDING 326, TULSA IA AIR NATIONAL GUARD BASE","BUILDING 314, TULSA IA AIR NATIONAL GUARD BASE",0.8479788261165285
3911,"BUILDING 326, TULSA IA AIR NATIONAL GUARD BASE","BUILDING 305, TULSA IA AIR NATIONAL GUARD BASE",0.8475985047046389
3912,"BUILDING 326, TULSA IA AIR NATIONAL GUARD BASE","BUILDING 318, TULSA IA AIR NATIONAL GUARD BASE",0.8473824584316471
3914,"BUILDING 401, TULSA IA AIR NATIONAL GUARD BASE","BUILDING 301, TULSA IA AIR NATIONAL GUARD BASE",0.8891092086016263
3915,"BUILDING 401, TULSA IA AIR NATIONAL GUARD BASE","BUILDING 501, TULSA IA AIR NATIONAL GUARD BASE",0.8838387924067035
3916,"BUILDING 401, TULSA IA AIR NATIONAL GUARD BASE","BUILDING 402, TULSA IA AIR NATIONAL GUARD BASE",0.8835337609327593
3917,"BUILDING 401, TULSA IA AIR NATIONAL GUARD BASE","BUILDING 408, TULSA IA AIR NATIONAL GUARD BASE",0.8831486868325337
3918,"BUILDING 401, TULSA IA AIR NATIONAL GUARD BASE","BUILDING 406, TULSA IA AIR NATIONAL GUARD BASE",0.8830415790648515
3919,"BUILDING 401, TULSA IA AIR NATIONAL GUARD BASE","BUILDING 403, TULSA IA AIR NATIONAL GUARD BASE",0.8799135932374039
3920,"BUILDING 401, TULSA IA AIR NATIONAL GUARD BASE","BUILDING 407, TULSA IA AIR NATIONAL GUARD BASE",0.8797609920651488
3921,"BUILDING 401, TULSA IA AIR NATIONAL GUARD BASE","BUILDING 415, TULSA IA AIR NATIONAL GUARD BASE",0.8575660512407165
3922,"BUILDING 401, TULSA IA AIR NATIONAL GUARD BASE","BUILDING 5, TULSA IA AIR NATIONAL GUARD BASE",0.8396103939079038
3924,"BUILDING 402, TULSA IA AIR NATIONAL GUARD BASE","BUILDING 302, TULSA IA AIR NATIONAL GUARD BASE",0.8881969579274112
3925,"BUILDING 402, TULSA IA AIR NATIONAL GUARD BASE","BUILDING 408, TULSA IA AIR NATIONAL GUARD BASE",0.8861995719034574
3926,"BUILDING 402, TULSA IA AIR NATIONAL GUARD BASE","BUILDING 406, TULSA IA AIR NATIONAL GUARD BASE",0.8860920941261781
3927,"BUILDING 402, TULSA IA AIR NATIONAL GUARD BASE","BUILDING 401, TULSA IA AIR NATIONAL GUARD BASE",0.8835337609327593
3928,"BUILDING 402, TULSA IA AIR NATIONAL GUARD BASE","BUILDING 403, TULSA IA AIR NATIONAL GUARD BASE",0.8829533025019207
3929,"BUILDING 402, TULSA IA AIR NATIONAL GUARD BASE","BUILDING 407, TULSA IA AIR NATIONAL GUARD BASE",0.8828001741606337
3930,"BUILDING 402, TULSA IA AIR NATIONAL GUARD BASE","BUILDING 602, TULSA IA AIR NATIONAL GUARD BASE",0.8826839331964755
3931,"BUILDING 402, TULSA IA AIR NATIONAL GUARD BASE","BUILDING 222, TULSA IA AIR NATIONAL GUARD BASE",0.8607593769242273
3932,"BUILDING 402, TULSA IA AIR NATIONAL GUARD BASE","BUILDING 415, TULSA IA AIR NATIONAL GUARD BASE",0.860528559708509
3934,"BUILDING 403, TULSA IA AIR NATIONAL GUARD BASE","BUILDING 603, TULSA IA AIR NATIONAL GUARD BASE",0.8844251957827028
3935,"BUILDING 403, TULSA IA AIR NATIONAL GUARD BASE","BUILDING 402, TULSA IA AIR NATIONAL GUARD BASE",0.8829533025019207
3936,"BUILDING 403, TULSA IA AIR NATIONAL GUARD BASE","BUILDING 408, TULSA IA AIR NATIONAL GUARD BASE",0.8825684813852458
3937,"BUILDING 403, TULSA IA AIR NATIONAL GUARD BASE","BUILDING 406, TULSA IA AIR NATIONAL GUARD BASE",0.8824614439845485
3938,"BUILDING 403, TULSA IA AIR NATIONAL GUARD BASE","BUILDING 401, TULSA IA AIR NATIONAL GUARD BASE",0.8799135932374039
3939,"BUILDING 403, TULSA IA AIR NATIONAL GUARD BASE","BUILDING 407, TULSA IA AIR NATIONAL GUARD BASE",0.8791830122441765
3940,"BUILDING 403, TULSA IA AIR NATIONAL GUARD BASE","BUILDING 415, TULSA IA AIR NATIONAL GUARD BASE",0.8570026529118079
3941,"BUILDING 403, TULSA IA AIR NATIONAL GUARD BASE","BUILDING 5, TULSA IA AIR NATIONAL GUARD BASE",0.8390587919733613
3942,"BUILDING 403, TULSA IA AIR NATIONAL GUARD BASE","BUILDING 25, TULSA IA AIR NATIONAL GUARD BASE",0.8349038628685835
3944,"BUILDING 406, TULSA IA AIR NATIONAL GUARD BASE","BUILDING 402, TULSA IA AIR NATIONAL GUARD BASE",0.8860920941261781
3945,"BUILDING 406, TULSA IA AIR NATIONAL GUARD BASE","BUILDING 408, TULSA IA AIR NATIONAL GUARD BASE",0.8857059050172276
3946,"BUILDING 406, TULSA IA AIR NATIONAL GUARD BASE","BUILDING 401, TULSA IA AIR NATIONAL GUARD BASE",0.8830415790648515
3947,"BUILDING 406, TULSA IA AIR NATIONAL GUARD BASE","BUILDING 403, TULSA IA AIR NATIONAL GUARD BASE",0.8824614439845485
3948,"BUILDING 406, TULSA IA AIR NATIONAL GUARD BASE","BUILDING 407, TULSA IA AIR NATIONAL GUARD BASE",0.8823084009450304
3949,"BUILDING 406, TULSA IA AIR NATIONAL GUARD BASE","BUILDING 316, TULSA IA AIR NATIONAL GUARD BASE",0.8624745013403404
3950,"BUILDING 406, TULSA IA AIR NATIONAL GUARD BASE","BUILDING 415, TULSA IA AIR NATIONAL GUARD BASE",0.8600491931323431
3951,"BUILDING 406, TULSA IA AIR NATIONAL GUARD BASE","BUILDING 326, TULSA IA AIR NATIONAL GUARD BASE",0.8587735946099331
3952,"BUILDING 406, TULSA IA AIR NATIONAL GUARD BASE","BUILDING 5, TULSA IA AIR NATIONAL GUARD BASE",0.8420415439502134
3954,"BUILDING 407, TULSA IA AIR NATIONAL GUARD BASE","BUILDING 402, TULSA IA AIR NATIONAL GUARD BASE",0.8828001741606337
3955,"BUILDING 407, TULSA IA AIR NATIONAL GUARD BASE","BUILDING 408, TULSA IA AIR NATIONAL GUARD BASE",0.8824154197825046
3956,"BUILDING 407, TULSA IA AIR NATIONAL GUARD BASE","BUILDING 406, TULSA IA AIR NATIONAL GUARD BASE",0.8823084009450304
3957,"BUILDING 407, TULSA IA AIR NATIONAL GUARD BASE","BUILDING 401, TULSA IA AIR NATIONAL GUARD BASE",0.8797609920651488
3958,"BUILDING 407, TULSA IA AIR NATIONAL GUARD BASE","BUILDING 403, TULSA IA AIR NATIONAL GUARD BASE",0.8791830122441765
3959,"BUILDING 407, TULSA IA AIR NATIONAL GUARD BASE","BUILDING 415, TULSA IA AIR NATIONAL GUARD BASE",0.8568540251255516
3960,"BUILDING 407, TULSA IA AIR NATIONAL GUARD BASE","BUILDING 5, TULSA IA AIR NATIONAL GUARD BASE",0.8389132761451823
3961,"BUILDING 407, TULSA IA AIR NATIONAL GUARD BASE","BUILDING 25, TULSA IA AIR NATIONAL GUARD BASE",0.8347590676191708
3962,"BUILDING 407, TULSA IA AIR NATIONAL GUARD BASE","BUILDING 20, TULSA IA AIR NATIONAL GUARD BASE",0.8308816435444256
3964,"BUILDING 408, TULSA IA AIR NATIONAL GUARD BASE","BUILDING 402, TULSA IA AIR NATIONAL GUARD BASE",0.8861995719034574
3965,"BUILDING 408, TULSA IA AIR NATIONAL GUARD BASE","BUILDING 406, TULSA IA AIR NATIONAL GUARD BASE",0.8857059050172276
3966,"BUILDING 408, TULSA IA AIR NATIONAL GUARD BASE","BUILDING 401, TULSA IA AIR NATIONAL GUARD BASE",0.8831486868325337
3967,"BUILDING 408, TULSA IA AIR NATIONAL GUARD BASE","BUILDING 403, TULSA IA AIR NATIONAL GUARD BASE",0.8825684813852458
3968,"BUILDING 408, TULSA IA AIR NATIONAL GUARD BASE","BUILDING 407, TULSA IA AIR NATIONAL GUARD BASE",0.8824154197825046
3969,"BUILDING 408, TULSA IA AIR NATIONAL GUARD BASE","BUILDING 318, TULSA IA AIR NATIONAL GUARD BASE",0.863342643228889
3970,"BUILDING 408, TULSA IA AIR NATIONAL GUARD BASE","BUILDING 415, TULSA IA AIR NATIONAL GUARD BASE",0.8601535120583792
3971,"BUILDING 408, TULSA IA AIR NATIONAL GUARD BASE","BUILDING 5, TULSA IA AIR NATIONAL GUARD BASE",0.842143678653954
3972,"BUILDING 408, TULSA IA AIR NATIONAL GUARD BASE","BUILDING 25, TULSA IA AIR NATIONAL GUARD BASE",0.8379734735213492
3974,"BUILDING 415, TULSA IA AIR NATIONAL GUARD BASE","BUILDING 5, TULSA IA AIR NATIONAL GUARD BASE",0.8862743080261216
3975,"BUILDING 415, TULSA IA AIR NATIONAL GUARD BASE","BUILDING 25, TULSA IA AIR NATIONAL GUARD BASE",0.881885572752191
3976,"BUILDING 415, TULSA IA AIR NATIONAL GUARD BASE","BUILDING 402, TULSA IA AIR NATIONAL GUARD BASE",0.860528559708509
3977,"BUILDING 415, TULSA IA AIR NATIONAL GUARD BASE","BUILDING 408, TULSA IA AIR NATIONAL GUARD BASE",0.8601535120583792
3978,"BUILDING 415, TULSA IA AIR NATIONAL GUARD BASE","BUILDING 406, TULSA IA AIR NATIONAL GUARD BASE",0.8600491931323431
3979,"BUILDING 415, TULSA IA AIR NATIONAL GUARD BASE","BUILDING 535, TULSA IA AIR NATIONAL GUARD BASE",0.8596378387659963
3980,"BUILDING 415, TULSA IA AIR NATIONAL GUARD BASE","BUILDING 305, TULSA IA AIR NATIONAL GUARD BASE",0.8595181098182774
3981,"BUILDING 415, TULSA IA AIR NATIONAL GUARD BASE","BUILDING 401, TULSA IA AIR NATIONAL GUARD BASE",0.8575660512407165
3982,"BUILDING 415, TULSA IA AIR NATIONAL GUARD BASE","BUILDING 403, TULSA IA AIR NATIONAL GUARD BASE",0.8570026529118079
3984,"BUILDING 5, TULSA IA AIR NATIONAL GUARD BASE","BUILDING 535, TULSA IA AIR NATIONAL GUARD BASE",0.921748573176056
3985,"BUILDING 5, TULSA IA AIR NATIONAL GUARD BASE","BUILDING 25, TULSA IA AIR NATIONAL GUARD BASE",0.9020124469648311
3986,"BUILDING 5, TULSA IA AIR NATIONAL GUARD BASE","BUILDING 415, TULSA IA AIR NATIONAL GUARD BASE",0.8862743080261216
3987,"BUILDING 5, TULSA IA AIR NATIONAL GUARD BASE","BUILDING 532, TULSA IA AIR NATIONAL GUARD BASE",0.8841514591971976
3988,"BUILDING 5, TULSA IA AIR NATIONAL GUARD BASE","BUILDING 501, TULSA IA AIR NATIONAL GUARD BASE",0.8793970531475719
3989,"BUILDING 5, TULSA IA AIR NATIONAL GUARD BASE","BUILDING 305, TULSA IA AIR NATIONAL GUARD BASE",0.8791345015751019
3990,"BUILDING 5, TULSA IA AIR NATIONAL GUARD BASE","BUILDING 20, TULSA IA AIR NATIONAL GUARD BASE",0.8580707830469295
3991,"BUILDING 5, TULSA IA AIR NATIONAL GUARD BASE","BUILDING 222, TULSA IA AIR NATIONAL GUARD BASE",0.8443920299159127
3992,"BUILDING 5, TULSA IA AIR NATIONAL GUARD BASE","BUILDING 320, TULSA IA AIR NATIONAL GUARD BASE",0.8433932496170045
3994,"BUILDING 501, TULSA IA AIR NATIONAL GUARD BASE","BUILDING 301, TULSA IA AIR NATIONAL GUARD BASE",0.8864191894258125
3995,"BUILDING 501, TULSA IA AIR NATIONAL GUARD BASE","BUILDING 401, TULSA IA AIR NATIONAL GUARD BASE",0.8838387924067035
3996,"BUILDING 501, TULSA IA AIR NATIONAL GUARD BASE","BUILDING 5, TULSA IA AIR NATIONAL GUARD BASE",0.8793970531475719
3997,"BUILDING 501, TULSA IA AIR NATIONAL GUARD BASE","BUILDING 532, TULSA IA AIR NATIONAL GUARD BASE",0.8542549371771663
3998,"BUILDING 501, TULSA IA AIR NATIONAL GUARD BASE","BUILDING 535, TULSA IA AIR NATIONAL GUARD BASE",0.8529672758636303
3999,"BUILDING 501, TULSA IA AIR NATIONAL GUARD BASE","BUILDING 25, TULSA IA AIR NATIONAL GUARD BASE",0.8329250529822817
4000,"BUILDING 501, TULSA IA AIR NATIONAL GUARD BASE","BUILDING 20, TULSA IA AIR NATIONAL GUARD BASE",0.8290561478356708
4001,"BUILDING 501, TULSA IA AIR NATIONAL GUARD BASE","BUILDING 415, TULSA IA AIR NATIONAL GUARD BASE",0.8183923375486137
4002,"BUILDING 501, TULSA IA AIR NATIONAL GUARD BASE","BUILDING 222, TULSA IA AIR NATIONAL GUARD BASE",0.8158399253490748
4004,"BUILDING 532, TULSA IA AIR NATIONAL GUARD BASE","BUILDING 535, TULSA IA AIR NATIONAL GUARD BASE",0.8953956198207987
4005,"BUILDING 532, TULSA IA AIR NATIONAL GUARD BASE","BUILDING 5, TULSA IA AIR NATIONAL GUARD BASE",0.8841514591971976
4006,"BUILDING 532, TULSA IA AIR NATIONAL GUARD BASE","BUILDING 222, TULSA IA AIR NATIONAL GUARD BASE",0.8598243836822234
4007,"BUILDING 532, TULSA IA AIR NATIONAL GUARD BASE","BUILDING 402, TULSA IA AIR NATIONAL GUARD BASE",0.8579088467901996
4008,"BUILDING 532, TULSA IA AIR NATIONAL GUARD BASE","BUILDING 302, TULSA IA AIR NATIONAL GUARD BASE",0.8572192884780763
4009,"BUILDING 532, TULSA IA AIR NATIONAL GUARD BASE","BUILDING 501, TULSA IA AIR NATIONAL GUARD BASE",0.8542549371771663
4010,"BUILDING 532, TULSA IA AIR NATIONAL GUARD BASE","BUILDING 602, TULSA IA AIR NATIONAL GUARD BASE",0.8518985416605657
4011,"BUILDING 532, TULSA IA AIR NATIONAL GUARD BASE","BUILDING 25, TULSA IA AIR NATIONAL GUARD BASE",0.837428211022908
4012,"BUILDING 532, TULSA IA AIR NATIONAL GUARD BASE","BUILDING 20, TULSA IA AIR NATIONAL GUARD BASE",0.8335383888787143
4014,"BUILDING 535, TULSA IA AIR NATIONAL GUARD BASE","BUILDING 5, TULSA IA AIR NATIONAL GUARD BASE",0.921748573176056
4015,"BUILDING 535, TULSA IA AIR NATIONAL GUARD BASE","BUILDING 532, TULSA IA AIR NATIONAL GUARD BASE",0.8953956198207987
4016,"BUILDING 535, TULSA IA AIR NATIONAL GUARD BASE","BUILDING 25, TULSA IA AIR NATIONAL GUARD BASE",0.8749029769077108
4017,"BUILDING 535, TULSA IA AIR NATIONAL GUARD BASE","BUILDING 415, TULSA IA AIR NATIONAL GUARD BASE",0.8596378387659963
4018,"BUILDING 535, TULSA IA AIR NATIONAL GUARD BASE","BUILDING 501, TULSA IA AIR NATIONAL GUARD BASE",0.8529672758636303
4019,"BUILDING 535, TULSA IA AIR NATIONAL GUARD BASE","BUILDING 305, TULSA IA AIR NATIONAL GUARD BASE",0.8527126151290481
4020,"BUILDING 535, TULSA IA AIR NATIONAL GUARD BASE","BUILDING 20, TULSA IA AIR NATIONAL GUARD BASE",0.8322819546575051
4021,"BUILDING 535, TULSA IA AIR NATIONAL GUARD BASE","BUILDING 222, TULSA IA AIR NATIONAL GUARD BASE",0.8190143086566306
4022,"BUILDING 535, TULSA IA AIR NATIONAL GUARD BASE","BUILDING 320, TULSA IA AIR NATIONAL GUARD BASE",0.8180455461304235
4024,"BUILDING 602, TULSA IA AIR NATIONAL GUARD BASE","BUILDING 603, TULSA IA AIR NATIONAL GUARD BASE",0.8885156558105778
4025,"BUILDING 602, TULSA IA AIR NATIONAL GUARD BASE","BUILDING 402, TULSA IA AIR NATIONAL GUARD BASE",0.8826839331964755
4026,"BUILDING 602, TULSA IA AIR NATIONAL GUARD BASE","BUILDING 302, TULSA IA AIR NATIONAL GUARD BASE",0.8819744615021446
4027,"BUILDING 602, TULSA IA AIR NATIONAL GUARD BASE","BUILDING 222, TULSA IA AIR NATIONAL GUARD BASE",0.8547291016591283
4028,"BUILDING 602, TULSA IA AIR NATIONAL GUARD BASE","BUILDING 532, TULSA IA AIR NATIONAL GUARD BASE",0.8518985416605657
4029,"BUILDING 602, TULSA IA AIR NATIONAL GUARD BASE","BUILDING 5, TULSA IA AIR NATIONAL GUARD BASE",0.8366084429876152
4030,"BUILDING 602, TULSA IA AIR NATIONAL GUARD BASE","BUILDING 25, TULSA IA AIR NATIONAL GUARD BASE",0.8324656477480858
4031,"BUILDING 602, TULSA IA AIR NATIONAL GUARD BASE","BUILDING 20, TULSA IA AIR NATIONAL GUARD BASE",0.8285988765212899
4032,"BUILDING 602, TULSA IA AIR NATIONAL GUARD BASE","BUILDING 415, TULSA IA AIR NATIONAL GUARD BASE",0.8179409479282032
4034,"BUILDING 603, TULSA IA AIR NATIONAL GUARD BASE","BUILDING 602, TULSA IA AIR NATIONAL GUARD BASE",0.8885156558105778
4035,"BUILDING 603, TULSA IA AIR NATIONAL GUARD BASE","BUILDING 403, TULSA IA AIR NATIONAL GUARD BASE",0.8844251957827028
4036,"BUILDING 603, TULSA IA AIR NATIONAL GUARD BASE","BUILDING 5, TULSA IA AIR NATIONAL GUARD BASE",0.8369344909914165
4037,"BUILDING 603, TULSA IA AIR NATIONAL GUARD BASE","BUILDING 25, TULSA IA AIR NATIONAL GUARD BASE",0.832790081197158
4038,"BUILDING 603, TULSA IA AIR NATIONAL GUARD BASE","BUILDING 20, TULSA IA AIR NATIONAL GUARD BASE",0.8289218029893483
4039,"BUILDING 603, TULSA IA AIR NATIONAL GUARD BASE","BUILDING 415, TULSA IA AIR NATIONAL GUARD BASE",0.8182597207251248
4040,"BUILDING 603, TULSA IA AIR NATIONAL GUARD BASE","BUILDING 222, TULSA IA AIR NATIONAL GUARD BASE",0.8157077221325847
4041,"BUILDING 603, TULSA IA AIR NATIONAL GUARD BASE","BUILDING 320, TULSA IA AIR NATIONAL GUARD BASE",0.814742870767734
4042,"BUILDING 603, TULSA IA AIR NATIONAL GUARD BASE","BUILDING 304, TULSA IA AIR NATIONAL GUARD BASE",0.8143726596247255
4480,RIVERVIEW INTENSIVE LEVEL SURVEY ,RIVERVIEW INTENSIVE LEVEL SURVEY,0.9908824482663855
4481,RIVERVIEW INTENSIVE LEVEL SURVEY ,RIVERVIEW INTENSIVE LEVEL SURVEY,0.9908824482663855
4482,RIVERVIEW INTENSIVE LEVEL SURVEY ,RIVERVIEW INTENSIVE LEVEL SURVEY,0.9908824482663855
4483,RIVERVIEW INTENSIVE LEVEL SURVEY ,RIVERVIEW INTENSIVE LEVEL SURVEY,0.9908824482663855
4484,RIVERVIEW INTENSIVE LEVEL SURVEY ,RIVERVIEW INTENSIVE LEVEL SURVEY,0.9908824482663855
4485,RIVERVIEW INTENSIVE LEVEL SURVEY ,RIVERVIEW INTENSIVE LEVEL SURVEY,0.9908824482663855
4486,RIVERVIEW INTENSIVE LEVEL SURVEY ,RIVERVIEW INTENSIVE LEVEL SURVEY,0.9908824482663855
4487,RIVERVIEW INTENSIVE LEVEL SURVEY ,RIVERVIEW INTENSIVE LEVEL SURVEY AREA,0.9657157422895498
5045,RIVERVIEW INTENSIVE LEVEL SURVEY,RIVERVIEW INTENSIVE LEVEL SURVEY ,0.9908824482663855
5046,RIVERVIEW INTENSIVE LEVEL SURVEY,RIVERVIEW INTENSIVE LEVEL SURVEY ,0.9908824482663855
5047,RIVERVIEW INTENSIVE LEVEL SURVEY,RIVERVIEW INTENSIVE LEVEL SURVEY AREA,0.956910779049259
5069,RIVERVIEW INTENSIVE LEVEL SURVEY AREA ,RIVERVIEW INTENSIVE LEVEL SURVEY AREA,0.9516266431352395
5070,RIVERVIEW INTENSIVE LEVEL SURVEY AREA ,RIVERVIEW INTENSIVE LEVEL SURVEY AREA,0.9516266431352395
5071,RIVERVIEW INTENSIVE LEVEL SURVEY AREA ,RIVERVIEW INTENSIVE LEVEL SURVEY AREA,0.9516266431352395
5072,RIVERVIEW INTENSIVE LEVEL SURVEY AREA ,RIVERVIEW INTENSIVE LEVEL SURVEY AREA,0.9516266431352395
5073,RIVERVIEW INTENSIVE LEVEL SURVEY AREA ,RIVERVIEW INTENSIVE LEVEL SURVEY AREA,0.9516266431352395
5074,RIVERVIEW INTENSIVE LEVEL SURVEY AREA ,RIVERVIEW INTENSIVE LEVEL SURVEY AREA,0.9516266431352395
5075,RIVERVIEW INTENSIVE LEVEL SURVEY AREA ,RIVERVIEW INTENSIVE LEVEL SURVEY AREA,0.9516266431352395
5076,RIVERVIEW INTENSIVE LEVEL SURVEY AREA ,RIVERVIEW INTENSIVE LEVEL SURVEY AREA,0.9516266431352395
5077,RIVERVIEW INTENSIVE LEVEL SURVEY AREA ,RIVERVIEW INTENSIVE LEVEL SURVEY AREA,0.9516266431352395
5565,RIVERVIEW INTENSIVE LEVEL SURVEY,RIVERVIEW INTENSIVE LEVEL SURVEY ,0.9908824482663855
5566,RIVERVIEW INTENSIVE LEVEL SURVEY,RIVERVIEW INTENSIVE LEVEL SURVEY ,0.9908824482663855
5567,RIVERVIEW INTENSIVE LEVEL SURVEY,RIVERVIEW INTENSIVE LEVEL SURVEY AREA,0.956910779049259
5624,RIVERVIEW INTENSIVE LEVEL SURVEY,RIVERVIEW INTENSIVE LEVEL SURVEY ,0.9908824482663855
5625,RIVERVIEW INTENSIVE LEVEL SURVEY,RIVERVIEW INTENSIVE LEVEL SURVEY ,0.9908824482663855
5626,RIVERVIEW INTENSIVE LEVEL SURVEY,RIVERVIEW INTENSIVE LEVEL SURVEY AREA,0.956910779049259
6504,123 NORTH VANCOUVER AVENUE,1151 NORTH VANCOUVER AVENUE,0.8133523233246476
6527,2538 NORTH ROCKFORD AVENUE,2530 NORTH ROCKFORD AVENUE,0.8012831072083242
6541,407 EAST SEMINOLE PLACE,437 EAST SEMINOLE PLACE,0.8514141626832876
6546,437 EAST SEMINOLE PLACE,407 EAST SEMINOLE PLACE,0.8514141626832876
6549,505 EAST MARSHALL PLACE,1715 EAST MARSHALL PLACE,0.824638306618064
6552,525 EAST TECUMSEH STREET,523 EAST TECUMSEH STREET,0.8133090956063587
6576,HARVARD HILLS HISTORIC DISTRICT,HARVARD HILLS,0.8609814536202329
6579,HARVARD HILLS HISTORIC DISTRICT,HARVARD HILLS,0.8609814536202329
6833,STRUCTURE 1,STRUCTURE 12,0.9415733802833292
6834,STRUCTURE 1,STRUCTURE 18,0.9352413115970405
6835,STRUCTURE 1,STRUCTURE 11,0.9352413115970405
6836,STRUCTURE 1,STRUCTURE 15,0.9338769068472076
6837,STRUCTURE 1,STRUCTURE 16,0.9216741372213878
6838,STRUCTURE 1,STRUCTURE 19,0.9142414796782375
6839,STRUCTURE 1,STRUCTURE 14,0.9088503708545904
6840,STRUCTURE 1,STRUCTURE 2,0.8570894162696957
6841,STRUCTURE 1,STRUCTURE 5,0.8424918199806262
6843,STRUCTURE 11,STRUCTURE 1,0.9352413115970405
6844,STRUCTURE 11,STRUCTURE 12,0.8805983231410399
6845,STRUCTURE 11,STRUCTURE 18,0.874676310917753
6846,STRUCTURE 11,STRUCTURE 15,0.8734002632299702
6847,STRUCTURE 11,STRUCTURE 16,0.8619877289600015
6848,STRUCTURE 11,STRUCTURE 19,0.8550364005706943
6849,STRUCTURE 11,STRUCTURE 14,0.8499944128835041
6850,STRUCTURE 11,STRUCTURE 2,0.8015854298280123
6852,STRUCTURE 12,STRUCTURE 1,0.9415733802833292
6853,STRUCTURE 12,STRUCTURE 18,0.8805983231410399
6854,STRUCTURE 12,STRUCTURE 11,0.8805983231410399
6855,STRUCTURE 12,STRUCTURE 15,0.8793136359486651
6856,STRUCTURE 12,STRUCTURE 16,0.8678238329032629
6857,STRUCTURE 12,STRUCTURE 19,0.8608254404158707
6858,STRUCTURE 12,STRUCTURE 14,0.8557493158573141
6859,STRUCTURE 12,STRUCTURE 2,0.8070125788821229
6861,STRUCTURE 14,STRUCTURE 1,0.9088503708545904
6862,STRUCTURE 14,STRUCTURE 12,0.8557493158573141
6863,STRUCTURE 14,STRUCTURE 18,0.8499944128835041
6864,STRUCTURE 14,STRUCTURE 11,0.8499944128835041
6865,STRUCTURE 14,STRUCTURE 15,0.8487543731206229
6866,STRUCTURE 14,STRUCTURE 16,0.8376638814207433
6867,STRUCTURE 14,STRUCTURE 19,0.8309087078562157
6869,STRUCTURE 18,STRUCTURE 1,0.9352413115970405
6870,STRUCTURE 18,STRUCTURE 12,0.8805983231410399
6871,STRUCTURE 18,STRUCTURE 11,0.874676310917753
6872,STRUCTURE 18,STRUCTURE 15,0.8734002632299702
6873,STRUCTURE 18,STRUCTURE 16,0.8619877289600015
6874,STRUCTURE 18,STRUCTURE 19,0.8550364005706943
6875,STRUCTURE 18,STRUCTURE 14,0.8499944128835041
6876,STRUCTURE 18,STRUCTURE 2,0.8015854298280123
6878,STRUCTURE 19,STRUCTURE 1,0.9142414796782375
6879,STRUCTURE 19,STRUCTURE 12,0.8608254404158707
6880,STRUCTURE 19,STRUCTURE 18,0.8550364005706943
6881,STRUCTURE 19,STRUCTURE 11,0.8550364005706943
6882,STRUCTURE 19,STRUCTURE 15,0.853789005153327
6883,STRUCTURE 19,STRUCTURE 16,0.8426327269944446
6884,STRUCTURE 19,STRUCTURE 14,0.8309087078562157
6886,STRUCTURE 2,STRUCTURE 22,0.9315269413181319
6887,STRUCTURE 2,STRUCTURE 21,0.9276535088657265
6888,STRUCTURE 2,STRUCTURE 20,0.9253025427381504
6889,STRUCTURE 2,STRUCTURE 1,0.8570894162696957
6890,STRUCTURE 2,STRUCTURE 5,0.8371089999827089
6891,STRUCTURE 2,STRUCTURE 3,0.8371089999827089
6892,STRUCTURE 2,STRUCTURE 6,0.8193840244204603
6893,STRUCTURE 2,STRUCTURE 12,0.8070125788821229
6894,STRUCTURE 2,STRUCTURE 11,0.8015854298280123
6896,STRUCTURE 20,STRUCTURE 2,0.9253025427381504
6897,STRUCTURE 20,STRUCTURE 22,0.8619442474307593
6898,STRUCTURE 20,STRUCTURE 21,0.8583601505334242
6900,STRUCTURE 21,STRUCTURE 2,0.9276535088657265
6901,STRUCTURE 21,STRUCTURE 22,0.864134235716723
6902,STRUCTURE 21,STRUCTURE 20,0.8583601505334242
6904,STRUCTURE 22,STRUCTURE 2,0.9315269413181319
6905,STRUCTURE 22,STRUCTURE 21,0.864134235716723
6906,STRUCTURE 22,STRUCTURE 20,0.8619442474307593
6908,STRUCTURE 5,STRUCTURE 1,0.8424918199806262
6909,STRUCTURE 5,STRUCTURE 2,0.8371089999827089
6910,STRUCTURE 5,STRUCTURE 3,0.8228517019695349
6911,STRUCTURE 5,STRUCTURE 6,0.8054286109394948
6913,STRUCTURE 6,STRUCTURE 1,0.8246528683974279
6914,STRUCTURE 6,STRUCTURE 2,0.8193840244204603
6915,STRUCTURE 6,STRUCTURE 3,0.8054286109394948
6916,STRUCTURE 6,STRUCTURE 5,0.8054286109394948
7377,RIVERVIEW INTENSIVE LEVEL SURVEY ,RIVERVIEW INTENSIVE LEVEL SURVEY,0.9908824482663855
7378,RIVERVIEW INTENSIVE LEVEL SURVEY ,RIVERVIEW INTENSIVE LEVEL SURVEY,0.9908824482663855
7379,RIVERVIEW INTENSIVE LEVEL SURVEY ,RIVERVIEW INTENSIVE LEVEL SURVEY,0.9908824482663855
7380,RIVERVIEW INTENSIVE LEVEL SURVEY ,RIVERVIEW INTENSIVE LEVEL SURVEY,0.9908824482663855
7381,RIVERVIEW INTENSIVE LEVEL SURVEY ,RIVERVIEW INTENSIVE LEVEL SURVEY,0.9908824482663855
7382,RIVERVIEW INTENSIVE LEVEL SURVEY ,RIVERVIEW INTENSIVE LEVEL SURVEY,0.9908824482663855
7383,RIVERVIEW INTENSIVE LEVEL SURVEY ,RIVERVIEW INTENSIVE LEVEL SURVEY,0.9908824482663855
7384,RIVERVIEW INTENSIVE LEVEL SURVEY ,RIVERVIEW INTENSIVE LEVEL SURVEY AREA,0.9657157422895498
7553,PROPERTY 1,PROPERTY 3,0.8230269794051621
7554,PROPERTY 1,PROPERTY 2,0.8230269794051621
7556,PROPERTY 2,PROPERTY 3,0.8230269794051621
7557,PROPERTY 2,PROPERTY 1,0.8230269794051621
7559,PROPERTY 3,PROPERTY 2,0.8230269794051621
7560,PROPERTY 3,PROPERTY 1,0.8230269794051621
8474, RED FORK SURVEY AREA ,RED FORK SURVEY AREA ,0.960865839166844
8475, RED FORK SURVEY AREA ,RED FORK SURVEY AREA ,0.960865839166844
8476, RED FORK SURVEY AREA ,RED FORK SURVEY AREA ,0.960865839166844
8477, RED FORK SURVEY AREA ,RED FORK SURVEY AREA ,0.960865839166844
8478, RED FORK SURVEY AREA , RED FORK SURVEY AREA,0.8774627840634746
8479, RED FORK SURVEY AREA , RED FORK SURVEY AREA,0.8774627840634746
8480, RED FORK SURVEY AREA , RED FORK SURVEY AREA,0.8774627840634746
8481, RED FORK SURVEY AREA , RED FORK SURVEY AREA,0.8774627840634746
8482, RED FORK SURVEY AREA , RED FORK SURVEY AREA,0.8774627840634746
9655,CHEYENNE HISTORIC DISTRICT ,CHEYENNE HISTORIC DISTRICT,0.8660512513984084
9656,CHEYENNE HISTORIC DISTRICT ,CHEYENNE HISTORIC DISTRICT,0.8660512513984084
9657,CHEYENNE HISTORIC DISTRICT ,CHEYENNE HISTORIC DISTRICT,0.8660512513984084
9658,CHEYENNE HISTORIC DISTRICT ,CHEYENNE HISTORIC DISTRICT,0.8660512513984084
9659,CHEYENNE HISTORIC DISTRICT ,CHEYENNE HISTORIC DISTRICT,0.8660512513984084
9660,CHEYENNE HISTORIC DISTRICT ,CHEYENNE HISTORIC DISTRICT,0.8660512513984084
9661,CHEYENNE HISTORIC DISTRICT ,CHEYENNE HISTORIC DISTRICT,0.8660512513984084
9662,CHEYENNE HISTORIC DISTRICT ,CHEYENNE HISTORIC DISTRICT,0.8660512513984084
9663,CHEYENNE HISTORIC DISTRICT ,CHEYENNE HISTORIC DISTRICT,0.8660512513984084
